<DATE>;<BALANCE>;<EQUITY>;<DEPOSIT LOAD>
2017.01.01 00:00;10000.00;10000.00;0.0000
2017.01.03 09:15;9958.00;10014.00;0.0000
2017.01.03 10:01;9958.00;9959.00;0.0000
2017.01.03 10:03;9958.00;9958.00;0.0000
2017.01.04 09:16;9916.00;9975.00;0.0000
2017.01.04 09:19;9916.00;9938.00;0.0000
2017.01.04 09:21;9916.00;9916.00;0.0000
2017.01.04 14:14;9961.00;9896.00;0.0000
2017.01.04 16:42;9961.00;9967.00;0.0000
2017.01.04 16:45;9961.00;9961.00;0.0000
2017.01.05 11:55;9924.00;10004.00;0.0000
2017.01.05 12:45;9924.00;9929.00;0.0000
2017.01.05 12:46;9924.00;9924.00;0.0000
2017.01.09 10:45;9981.00;9906.00;0.0000
2017.01.09 11:17;9981.00;9991.00;0.0000
2017.01.09 11:20;9981.00;9981.00;0.0000
2017.01.09 12:43;9946.00;9952.00;0.0000
2017.01.09 13:30;9946.00;10004.00;0.0000
2017.01.09 14:09;9946.00;9946.00;0.0000
2017.01.13 09:14;9913.00;9947.00;0.0000
2017.01.13 09:26;9913.00;9915.00;0.0000
2017.01.13 09:59;9913.00;9913.00;0.0000
2017.01.17 09:30;9977.00;9907.00;0.0000
2017.01.17 11:10;9977.00;9987.00;0.0000
2017.01.17 11:13;9977.00;9977.00;0.0000
2017.01.17 13:31;9936.00;9985.00;0.0000
2017.01.17 13:40;9936.00;9942.00;0.0000
2017.01.17 13:41;9936.00;9936.00;0.0000
2017.01.19 10:41;9892.00;9894.00;0.0000
2017.01.19 11:27;9892.00;9990.00;0.0000
2017.01.19 12:40;9892.00;9892.00;0.0000
2017.01.23 10:01;9869.00;9934.00;0.0000
2017.01.23 11:24;9869.00;9852.00;0.0000
2017.01.23 12:18;9869.00;9869.00;0.0000
2017.01.31 13:18;9866.00;9946.00;0.0000
2017.01.31 15:26;9866.00;9864.00;0.0000
2017.01.31 15:29;9866.00;9866.00;0.0000
2017.02.06 12:45;9864.00;9841.00;0.0000
2017.02.06 14:23;9864.00;9917.00;0.0000
2017.02.06 15:28;9864.00;9864.00;0.0000
2017.02.08 11:44;9941.00;9860.00;0.0000
2017.02.08 13:47;9941.00;9953.00;0.0000
2017.02.08 13:48;9941.00;9941.00;0.0000
2017.02.09 10:41;9900.00;10008.00;0.0000
2017.02.09 12:47;9900.00;9903.00;0.0000
2017.02.09 12:48;9900.00;9900.00;0.0000
2017.02.14 12:41;9862.00;9904.00;0.0000
2017.02.14 13:01;9862.00;9867.00;0.0000
2017.02.14 13:09;9862.00;9862.00;0.0000
2017.02.17 10:11;9817.00;9889.00;0.0000
2017.02.17 10:38;9817.00;9832.00;0.0000
2017.02.17 10:39;9817.00;9817.00;0.0000
2017.02.22 12:40;9793.00;9866.00;0.0000
2017.02.22 13:37;9793.00;9782.00;0.0000
2017.02.22 14:57;9793.00;9793.00;0.0000
2017.02.23 13:28;9742.00;9825.00;0.0000
2017.02.23 14:08;9742.00;9761.00;0.0000
2017.02.23 14:09;9742.00;9742.00;0.0000
2017.03.01 14:16;9772.00;9702.00;0.0000
2017.03.01 15:28;9772.00;9804.00;0.0000
2017.03.01 16:01;9772.00;9772.00;0.0000
2017.03.02 11:46;9731.00;9830.00;0.0000
2017.03.02 12:09;9731.00;9738.00;0.0000
2017.03.02 12:10;9731.00;9731.00;0.0000
2017.03.03 09:50;9691.00;9745.00;0.0000
2017.03.03 10:08;9691.00;9693.00;0.0000
2017.03.03 10:09;9691.00;9691.00;0.0000
2017.03.06 12:13;9636.00;9705.00;0.0000
2017.03.06 12:57;9636.00;9641.00;0.0000
2017.03.06 13:00;9636.00;9636.00;0.0000
2017.03.07 14:08;9617.00;9680.00;0.0000
2017.03.07 15:58;9617.00;9605.00;0.0000
2017.03.07 16:12;9617.00;9617.00;0.0000
2017.03.08 09:56;9585.00;9643.00;0.0000
2017.03.08 10:16;9585.00;9586.00;0.0000
2017.03.08 10:17;9585.00;9585.00;0.0000
2017.03.10 12:29;9687.00;9704.00;0.0000
2017.03.10 12:35;9687.00;9687.00;0.0000
2017.03.14 11:34;9763.00;9656.00;0.0000
2017.03.14 12:50;9763.00;9771.00;0.0000
2017.03.14 12:50;9763.00;9763.00;0.0000
2017.03.17 10:16;9831.00;9740.00;0.0000
2017.03.17 11:22;9831.00;9843.00;0.0000
2017.03.17 11:25;9831.00;9831.00;0.0000
2017.03.17 11:35;9773.00;9834.00;0.0000
2017.03.17 11:43;9773.00;9792.00;0.0000
2017.03.17 11:44;9773.00;9773.00;0.0000
2017.03.20 09:10;9743.00;9778.00;0.0000
2017.03.20 09:15;9743.00;9746.00;0.0000
2017.03.20 09:16;9743.00;9743.00;0.0000
2017.03.20 12:52;9809.00;9709.00;0.0000
2017.03.20 14:00;9809.00;9830.00;0.0000
2017.03.20 14:02;9809.00;9809.00;0.0000
2017.03.21 10:35;9774.00;9832.00;0.0000
2017.03.21 10:42;9774.00;9780.00;0.0000
2017.03.21 10:47;9774.00;9774.00;0.0000
2017.03.22 09:41;9863.00;9743.00;0.0000
2017.03.22 10:44;9863.00;9867.00;0.0000
2017.03.22 10:45;9863.00;9863.00;0.0000
2017.03.22 13:24;9928.00;9814.00;0.0000
2017.03.22 14:54;9928.00;9939.00;0.0000
2017.03.22 15:20;9928.00;9928.00;0.0000
2017.03.23 09:58;10018.00;9893.00;0.0000
2017.03.23 10:35;10018.00;10040.00;0.0000
2017.03.23 10:45;10018.00;10018.00;0.0000
2017.03.23 12:03;10102.00;9996.00;0.0000
2017.03.23 13:14;10102.00;10103.00;0.0000
2017.03.23 13:14;10102.00;10102.00;0.0000
2017.03.24 09:10;10203.00;10101.00;0.0000
2017.03.24 10:16;10203.00;10216.00;0.0000
2017.03.24 10:25;10203.00;10203.00;0.0000
2017.03.24 14:00;10244.00;10180.00;0.0000
2017.03.24 14:57;10244.00;10267.00;0.0000
2017.03.24 15:50;10244.00;10244.00;0.0000
2017.03.27 10:41;10325.00;10223.00;0.0000
2017.03.27 11:54;10325.00;10333.00;0.0000
2017.03.27 11:55;10325.00;10325.00;0.0000
2017.03.29 11:27;10275.00;10335.00;0.0000
2017.03.29 11:35;10275.00;10276.00;0.0000
2017.03.29 11:37;10275.00;10275.00;0.0000
2017.03.30 10:54;10350.00;10357.00;0.0000
2017.03.30 10:55;10350.00;10350.00;0.0000
2017.03.30 11:13;10308.00;10369.00;0.0000
2017.03.30 11:29;10308.00;10311.00;0.0000
2017.03.30 11:31;10308.00;10308.00;0.0000
2017.03.31 10:52;10391.00;10303.00;0.0000
2017.03.31 13:04;10391.00;10392.00;0.0000
2017.03.31 13:05;10391.00;10391.00;0.0000
2017.03.31 13:29;10357.00;10405.00;0.0000
2017.03.31 14:10;10357.00;10359.00;0.0000
2017.03.31 14:33;10357.00;10357.00;0.0000
2017.04.03 12:50;10429.00;10344.00;0.0000
2017.04.03 15:40;10429.00;10440.00;0.0000
2017.04.03 15:46;10429.00;10429.00;0.0000
2017.04.05 15:01;10412.00;10485.00;0.0000
2017.04.05 15:34;10412.00;10411.00;0.0000
2017.04.05 15:35;10412.00;10412.00;0.0000
2017.04.07 12:10;10353.00;10450.00;0.0000
2017.04.07 12:41;10353.00;10357.00;0.0000
2017.04.07 12:45;10353.00;10353.00;0.0000
2017.04.11 12:21;10499.00;10351.00;0.0000
2017.04.11 13:11;10499.00;10506.00;0.0000
2017.04.11 13:15;10499.00;10499.00;0.0000
2017.04.12 10:05;10448.00;10502.00;0.0000
2017.04.12 10:09;10448.00;10450.00;0.0000
2017.04.12 10:25;10448.00;10448.00;0.0000
2017.04.13 14:34;10410.00;10455.00;0.0000
2017.04.13 14:45;10410.00;10416.00;0.0000
2017.04.13 14:46;10410.00;10410.00;0.0000
2017.04.17 11:45;10364.00;10450.00;0.0000
2017.04.17 12:14;10364.00;10370.00;0.0000
2017.04.17 12:15;10364.00;10364.00;0.0000
2017.04.19 13:36;10319.00;10421.00;0.0000
2017.04.19 14:29;10319.00;10326.00;0.0000
2017.04.19 14:30;10319.00;10319.00;0.0000
2017.04.20 12:40;10402.00;10304.00;0.0000
2017.04.20 13:08;10402.00;10415.00;0.0000
2017.04.20 13:10;10402.00;10402.00;0.0000
2017.04.25 10:35;10520.00;10401.00;0.0000
2017.04.25 12:00;10520.00;10528.00;0.0000
2017.04.25 12:00;10520.00;10520.00;0.0000
2017.04.26 12:28;10592.00;10492.00;0.0000
2017.04.26 13:45;10592.00;10603.00;0.0000
2017.04.26 13:46;10592.00;10592.00;0.0000
2017.04.27 12:21;10548.00;10617.00;0.0000
2017.04.27 12:42;10548.00;10560.00;0.0000
2017.04.27 12:47;10548.00;10548.00;0.0000
2017.04.28 10:29;10604.00;10617.00;0.0000
2017.04.28 10:30;10604.00;10604.00;0.0000
2017.05.03 11:00;10563.00;10651.00;0.0000
2017.05.03 11:27;10563.00;10566.00;0.0000
2017.05.03 11:28;10563.00;10563.00;0.0000
2017.05.04 09:46;10527.00;10532.00;0.0000
2017.05.04 09:57;10527.00;10570.00;0.0000
2017.05.04 10:15;10527.00;10527.00;0.0000
2017.05.05 09:36;10583.00;10525.00;0.0000
2017.05.05 10:12;10583.00;10618.00;0.0000
2017.05.05 10:15;10583.00;10583.00;0.0000
2017.05.05 10:46;10544.00;10587.00;0.0000
2017.05.05 10:52;10544.00;10545.00;0.0000
2017.05.05 10:53;10544.00;10544.00;0.0000
2017.05.08 09:17;10516.00;10574.00;0.0000
2017.05.08 10:03;10516.00;10523.00;0.0000
2017.05.08 10:05;10516.00;10516.00;0.0000
2017.05.08 11:45;10621.00;10503.00;0.0000
2017.05.08 12:32;10621.00;10633.00;0.0000
2017.05.08 12:55;10621.00;10621.00;0.0000
2017.05.15 09:51;10647.00;10600.00;0.0000
2017.05.15 10:33;10647.00;10707.00;0.0000
2017.05.15 12:40;10647.00;10647.00;0.0000
2017.05.16 09:48;10735.00;10622.00;0.0000
2017.05.16 11:34;10735.00;10737.00;0.0000
2017.05.16 11:35;10735.00;10735.00;0.0000
2017.05.16 12:01;10800.00;10711.00;0.0000
2017.05.16 14:20;10800.00;10807.00;0.0000
2017.05.16 14:20;10800.00;10800.00;0.0000
2017.05.17 11:35;10764.00;10874.00;0.0000
2017.05.17 12:00;10764.00;10766.00;0.0000
2017.05.17 12:04;10764.00;10764.00;0.0000
2017.05.22 09:55;10877.00;10763.00;0.0000
2017.05.22 10:32;10877.00;10896.00;0.0000
2017.05.22 10:35;10877.00;10877.00;0.0000
2017.05.23 10:21;10813.00;10910.00;0.0000
2017.05.23 10:33;10813.00;10826.00;0.0000
2017.05.23 10:40;10813.00;10813.00;0.0000
2017.05.24 10:13;10756.00;10763.00;0.0000
2017.05.24 10:39;10756.00;10916.00;0.0000
2017.05.24 12:19;10756.00;10756.00;0.0000
2017.05.25 09:42;10824.00;10711.00;0.0000
2017.05.25 10:36;10824.00;10844.00;0.0000
2017.05.25 10:40;10824.00;10824.00;0.0000
2017.05.26 10:02;10768.00;10845.00;0.0000
2017.05.26 10:14;10768.00;10771.00;0.0000
2017.05.26 10:39;10768.00;10768.00;0.0000
2017.05.29 09:31;10730.00;10775.00;0.0000
2017.05.29 09:48;10730.00;10731.00;0.0000
2017.05.29 10:03;10730.00;10730.00;0.0000
2017.05.30 09:20;10790.00;10729.00;0.0000
2017.05.30 10:03;10790.00;10801.00;0.0000
2017.05.30 10:05;10790.00;10790.00;0.0000
2017.05.30 11:16;10766.00;10823.00;0.0000
2017.05.30 13:28;10766.00;10753.00;0.0000
2017.05.30 13:36;10766.00;10766.00;0.0000
2017.05.31 09:26;10742.00;10775.00;0.0000
2017.05.31 10:07;10742.00;10743.00;0.0000
2017.05.31 10:26;10742.00;10742.00;0.0000
2017.06.01 10:36;10708.00;10809.00;0.0000
2017.06.01 11:59;10708.00;10710.00;0.0000
2017.06.01 12:00;10708.00;10708.00;0.0000
2017.06.05 09:25;10689.00;10727.00;0.0000
2017.06.05 09:37;10689.00;10697.00;0.0000
2017.06.05 09:40;10689.00;10689.00;0.0000
2017.06.06 09:20;10722.00;10673.00;0.0000
2017.06.06 10:11;10722.00;10744.00;0.0000
2017.06.06 10:15;10722.00;10722.00;0.0000
2017.06.06 10:30;10683.00;10738.00;0.0000
2017.06.06 11:00;10683.00;10685.00;0.0000
2017.06.06 11:01;10683.00;10683.00;0.0000
2017.06.08 11:35;10640.00;10726.00;0.0000
2017.06.08 12:29;10640.00;10647.00;0.0000
2017.06.08 12:30;10640.00;10640.00;0.0000
2017.06.09 10:34;10711.00;10602.00;0.0000
2017.06.09 11:05;10711.00;10723.00;0.0000
2017.06.09 11:05;10711.00;10711.00;0.0000
2017.06.09 11:59;10713.00;10662.00;0.0000
2017.06.09 14:09;10713.00;10766.00;0.0000
2017.06.09 15:14;10713.00;10713.00;0.0000
2017.06.12 09:37;10672.00;10767.00;0.0000
2017.06.12 10:08;10672.00;10673.00;0.0000
2017.06.12 10:09;10672.00;10672.00;0.0000
2017.06.13 10:44;10739.00;10646.00;0.0000
2017.06.13 11:01;10739.00;10752.00;0.0000
2017.06.13 11:05;10739.00;10739.00;0.0000
2017.06.19 10:20;10711.00;10789.00;0.0000
2017.06.19 10:42;10711.00;10716.00;0.0000
2017.06.19 10:46;10711.00;10711.00;0.0000
2017.06.20 10:26;10681.00;10716.00;0.0000
2017.06.20 10:35;10681.00;10683.00;0.0000
2017.06.20 10:36;10681.00;10681.00;0.0000
2017.06.21 11:42;10755.00;10678.00;0.0000
2017.06.21 13:40;10755.00;10763.00;0.0000
2017.06.21 13:41;10755.00;10755.00;0.0000
2017.06.22 10:36;10729.00;10820.00;0.0000
2017.06.22 12:02;10729.00;10736.00;0.0000
2017.06.22 12:10;10729.00;10729.00;0.0000
2017.06.23 11:21;10793.00;10726.00;0.0000
2017.06.23 12:26;10793.00;10807.00;0.0000
2017.06.23 12:30;10793.00;10793.00;0.0000
2017.06.28 11:14;10883.00;10770.00;0.0000
2017.06.28 12:42;10883.00;10894.00;0.0000
2017.06.28 12:45;10883.00;10883.00;0.0000
2017.06.29 10:12;10958.00;10853.00;0.0000
2017.06.29 12:32;10958.00;10989.00;0.0000
2017.06.29 12:34;10958.00;10958.00;0.0000
2017.06.29 14:29;11038.00;10941.00;0.0000
2017.06.29 16:07;11038.00;11050.00;0.0000
2017.06.29 16:10;11038.00;11038.00;0.0000
2017.07.07 09:31;11114.00;11036.00;0.0000
2017.07.07 11:04;11114.00;11122.00;0.0000
2017.07.07 11:05;11114.00;11114.00;0.0000
2017.07.07 12:41;11126.00;11105.00;0.0000
2017.07.07 13:21;11126.00;11163.00;0.0000
2017.07.07 15:39;11126.00;11126.00;0.0000
2017.07.10 10:29;11099.00;11144.00;0.0000
2017.07.10 10:33;11099.00;11100.00;0.0000
2017.07.10 10:35;11099.00;11099.00;0.0000
2017.07.12 14:32;11062.00;11112.00;0.0000
2017.07.12 14:46;11062.00;11064.00;0.0000
2017.07.12 14:47;11062.00;11062.00;0.0000
2017.07.14 11:17;11099.00;11055.00;0.0000
2017.07.14 13:24;11099.00;11114.00;0.0000
2017.07.14 13:58;11099.00;11099.00;0.0000
2017.07.17 11:01;11119.00;11096.00;0.0000
2017.07.17 12:32;11119.00;11154.00;0.0000
2017.07.17 13:39;11119.00;11119.00;0.0000
2017.07.19 12:00;11084.00;11130.00;0.0000
2017.07.19 12:37;11084.00;11088.00;0.0000
2017.07.19 12:53;11084.00;11084.00;0.0000
2017.07.20 12:41;11112.00;11066.00;0.0000
2017.07.20 14:30;11112.00;11119.00;0.0000
2017.07.20 15:34;11112.00;11112.00;0.0000
2017.07.26 11:43;11080.00;11122.00;0.0000
2017.07.26 11:48;11080.00;11084.00;0.0000
2017.07.26 11:50;11080.00;11080.00;0.0000
2017.07.27 10:22;11050.00;11051.00;0.0000
2017.07.27 10:55;11050.00;11110.00;0.0000
2017.07.27 11:37;11050.00;11050.00;0.0000
2017.08.03 10:23;11023.00;11087.00;0.0000
2017.08.03 10:33;11023.00;11028.00;0.0000
2017.08.03 10:34;11023.00;11023.00;0.0000
2017.08.04 11:23;11093.00;11015.00;0.0000
2017.08.04 12:45;11093.00;11101.00;0.0000
2017.08.04 12:51;11093.00;11093.00;0.0000
2017.08.10 10:55;11063.00;11096.00;0.0000
2017.08.10 11:00;11063.00;11074.00;0.0000
2017.08.10 11:01;11063.00;11063.00;0.0000
2017.08.11 10:41;11021.00;11124.00;0.0000
2017.08.11 11:07;11021.00;11026.00;0.0000
2017.08.11 11:08;11021.00;11021.00;0.0000
2017.08.15 10:50;10979.00;11040.00;0.0000
2017.08.15 11:03;10979.00;10983.00;0.0000
2017.08.15 12:35;10979.00;10979.00;0.0000
2017.08.17 10:47;10945.00;11017.00;0.0000
2017.08.17 11:11;10945.00;10953.00;0.0000
2017.08.17 11:12;10945.00;10945.00;0.0000
2017.08.25 13:41;10931.00;10899.00;0.0000
2017.08.25 16:24;10931.00;10964.00;0.0000
2017.08.25 16:45;10931.00;10931.00;0.0000
2017.08.29 10:36;11008.00;10923.00;0.0000
2017.08.29 12:10;11008.00;11017.00;0.0000
2017.08.29 12:10;11008.00;11008.00;0.0000
2017.08.30 10:55;10976.00;11031.00;0.0000
2017.08.30 11:07;10976.00;10980.00;0.0000
2017.08.30 11:11;10976.00;10976.00;0.0000
2017.09.08 09:32;11067.00;10974.00;0.0000
2017.09.08 10:35;11067.00;11079.00;0.0000
2017.09.08 10:40;11067.00;11067.00;0.0000
2017.09.08 11:07;11026.00;11114.00;0.0000
2017.09.08 11:45;11026.00;11030.00;0.0000
2017.09.08 12:19;11026.00;11026.00;0.0000
2017.09.12 11:45;10986.00;11085.00;0.0000
2017.09.12 12:41;10986.00;10987.00;0.0000
2017.09.12 13:02;10986.00;10986.00;0.0000
2017.09.14 10:35;11061.00;10955.00;0.0000
2017.09.14 11:33;11061.00;11073.00;0.0000
2017.09.14 11:35;11061.00;11061.00;0.0000
2017.09.15 09:23;11141.00;11054.00;0.0000
2017.09.15 10:34;11141.00;11145.00;0.0000
2017.09.15 10:35;11141.00;11141.00;0.0000
2017.09.18 11:47;11231.00;11130.00;0.0000
2017.09.18 12:54;11231.00;11236.00;0.0000
2017.09.18 12:55;11231.00;11231.00;0.0000
2017.09.19 10:19;11296.00;11308.00;0.0000
2017.09.19 10:40;11296.00;11296.00;0.0000
2017.09.19 12:39;11361.00;11251.00;0.0000
2017.09.19 14:06;11361.00;11375.00;0.0000
2017.09.19 14:16;11361.00;11361.00;0.0000
2017.09.20 10:30;11440.00;11355.00;0.0000
2017.09.20 11:30;11440.00;11459.00;0.0000
2017.09.20 11:40;11440.00;11440.00;0.0000
2017.09.21 13:53;11422.00;11508.00;0.0000
2017.09.21 15:49;11422.00;11418.00;0.0000
2017.09.21 15:51;11422.00;11422.00;0.0000
2017.09.22 10:51;11507.00;11416.00;0.0000
2017.09.22 12:24;11507.00;11520.00;0.0000
2017.09.22 12:25;11507.00;11507.00;0.0000
2017.09.25 11:11;11460.00;11518.00;0.0000
2017.09.25 11:53;11460.00;11464.00;0.0000
2017.09.25 11:54;11460.00;11460.00;0.0000
2017.09.26 10:55;11428.00;11498.00;0.0000
2017.09.26 11:16;11428.00;11432.00;0.0000
2017.09.26 11:17;11428.00;11428.00;0.0000
2017.09.27 11:29;11385.00;11444.00;0.0000
2017.09.27 11:32;11385.00;11393.00;0.0000
2017.09.27 11:33;11385.00;11385.00;0.0000
2017.09.28 12:52;11450.00;11341.00;0.0000
2017.09.28 15:59;11450.00;11457.00;0.0000
2017.09.28 16:00;11450.00;11450.00;0.0000
2017.09.29 10:51;11411.00;11502.00;0.0000
2017.09.29 11:32;11411.00;11415.00;0.0000
2017.09.29 11:45;11411.00;11411.00;0.0000
2017.10.02 12:05;11420.00;11504.00;0.0000
2017.10.02 12:58;11420.00;11368.00;0.0000
2017.10.02 13:34;11420.00;11420.00;0.0000
2017.10.03 10:08;11393.00;11444.00;0.0000
2017.10.03 10:28;11393.00;11397.00;0.0000
2017.10.03 10:30;11393.00;11393.00;0.0000
2017.10.06 10:04;11336.00;11413.00;0.0000
2017.10.06 10:05;11336.00;11340.00;0.0000
2017.10.06 10:08;11336.00;11336.00;0.0000
2017.10.09 09:15;11411.00;11331.00;0.0000
2017.10.09 09:50;11411.00;11426.00;0.0000
2017.10.09 09:55;11411.00;11411.00;0.0000
2017.10.09 10:25;11366.00;11446.00;0.0000
2017.10.09 10:40;11366.00;11381.00;0.0000
2017.10.09 10:53;11366.00;11366.00;0.0000
2017.10.13 10:18;11451.00;11349.00;0.0000
2017.10.13 11:29;11451.00;11459.00;0.0000
2017.10.13 11:30;11451.00;11451.00;0.0000
2017.10.16 10:31;11462.00;11502.00;0.0000
2017.10.16 11:30;11462.00;11429.00;0.0000
2017.10.16 11:40;11462.00;11462.00;0.0000
2017.10.16 14:27;11491.00;11440.00;0.0000
2017.10.16 15:16;11491.00;11503.00;0.0000
2017.10.16 16:45;11491.00;11491.00;0.0000
2017.10.19 09:25;11449.00;11496.00;0.0000
2017.10.19 10:25;11449.00;11457.00;0.0000
2017.10.19 10:26;11449.00;11449.00;0.0000
2017.10.23 11:48;11406.00;11486.00;0.0000
2017.10.23 12:45;11406.00;11412.00;0.0000
2017.10.23 12:48;11406.00;11406.00;0.0000
2017.10.24 15:07;11360.00;11439.00;0.0000
2017.10.24 15:43;11360.00;11370.00;0.0000
2017.10.24 15:45;11360.00;11360.00;0.0000
2017.10.25 13:47;11321.00;11402.00;0.0000
2017.10.25 14:20;11321.00;11325.00;0.0000
2017.10.25 14:22;11321.00;11321.00;0.0000
2017.10.27 10:30;11437.00;11300.00;0.0000
2017.10.27 10:49;11437.00;11456.00;0.0000
2017.10.27 10:52;11437.00;11437.00;0.0000
2017.10.27 12:32;11509.00;11510.00;0.0000
2017.10.27 12:32;11509.00;11509.00;0.0000
2017.10.30 10:01;11465.00;11468.00;0.0000
2017.10.30 10:11;11465.00;11514.00;0.0000
2017.10.30 10:20;11465.00;11465.00;0.0000
2017.11.01 10:03;11534.00;11428.00;0.0000
2017.11.01 11:03;11534.00;11548.00;0.0000
2017.11.01 11:05;11534.00;11534.00;0.0000
2017.11.01 14:53;11496.00;11549.00;0.0000
2017.11.01 15:10;11496.00;11503.00;0.0000
2017.11.01 15:12;11496.00;11496.00;0.0000
2017.11.03 11:31;11448.00;11594.00;0.0000
2017.11.03 11:56;11448.00;11452.00;0.0000
2017.11.03 12:04;11448.00;11448.00;0.0000
2017.11.06 11:15;11462.00;11551.00;0.0000
2017.11.06 12:30;11462.00;11438.00;0.0000
2017.11.06 12:55;11462.00;11462.00;0.0000
2017.11.07 12:31;11413.00;11503.00;0.0000
2017.11.07 12:54;11413.00;11425.00;0.0000
2017.11.07 12:55;11413.00;11413.00;0.0000
2017.11.08 12:30;11481.00;11388.00;0.0000
2017.11.08 12:50;11481.00;11492.00;0.0000
2017.11.08 13:10;11481.00;11481.00;0.0000
2017.11.09 10:01;11545.00;11435.00;0.0000
2017.11.09 10:45;11545.00;11554.00;0.0000
2017.11.09 10:45;11545.00;11545.00;0.0000
2017.11.10 10:15;11479.00;11590.00;0.0000
2017.11.10 10:47;11479.00;11482.00;0.0000
2017.11.10 10:48;11479.00;11479.00;0.0000
2017.11.13 10:38;11578.00;11461.00;0.0000
2017.11.13 11:02;11578.00;11598.00;0.0000
2017.11.13 11:05;11578.00;11578.00;0.0000
2017.11.14 13:45;11517.00;11607.00;0.0000
2017.11.14 14:06;11517.00;11520.00;0.0000
2017.11.14 14:14;11517.00;11517.00;0.0000
2017.11.16 13:25;11459.00;11543.00;0.0000
2017.11.16 13:40;11459.00;11463.00;0.0000
2017.11.16 13:41;11459.00;11459.00;0.0000
2017.11.17 12:17;11550.00;11581.00;0.0000
2017.11.17 12:50;11550.00;11550.00;0.0000
2017.11.23 12:15;11552.00;11592.00;0.0000
2017.11.23 12:42;11552.00;11536.00;0.0000
2017.11.23 13:56;11552.00;11552.00;0.0000
2017.11.30 09:49;11495.00;11560.00;0.0000
2017.11.30 09:55;11495.00;11502.00;0.0000
2017.11.30 09:56;11495.00;11495.00;0.0000
2017.12.01 09:47;11580.00;11478.00;0.0000
2017.12.01 10:29;11580.00;11591.00;0.0000
2017.12.01 10:30;11580.00;11580.00;0.0000
2017.12.01 10:58;11520.00;11612.00;0.0000
2017.12.01 11:02;11520.00;11526.00;0.0000
2017.12.01 11:11;11520.00;11520.00;0.0000
2017.12.04 10:20;11460.00;11571.00;0.0000
2017.12.04 11:08;11460.00;11469.00;0.0000
2017.12.04 11:09;11460.00;11460.00;0.0000
2017.12.05 12:01;11534.00;11448.00;0.0000
2017.12.05 12:41;11534.00;11542.00;0.0000
2017.12.05 12:45;11534.00;11534.00;0.0000
2017.12.06 09:45;11598.00;11469.00;0.0000
2017.12.06 10:55;11598.00;11615.00;0.0000
2017.12.06 10:55;11598.00;11598.00;0.0000
2017.12.07 10:55;11717.00;11597.00;0.0000
2017.12.07 11:23;11717.00;11733.00;0.0000
2017.12.07 11:26;11717.00;11717.00;0.0000
2017.12.11 12:12;11789.00;11706.00;0.0000
2017.12.11 13:00;11789.00;11836.00;0.0000
2017.12.11 13:32;11789.00;11789.00;0.0000
2017.12.12 09:16;11749.00;11805.00;0.0000
2017.12.12 09:38;11749.00;11752.00;0.0000
2017.12.12 09:46;11749.00;11749.00;0.0000
2017.12.12 14:26;11864.00;11739.00;0.0000
2017.12.12 15:39;11864.00;11870.00;0.0000
2017.12.12 15:40;11864.00;11864.00;0.0000
2017.12.14 09:43;11784.00;11891.00;0.0000
2017.12.14 10:00;11784.00;11794.00;0.0000
2017.12.14 10:12;11784.00;11784.00;0.0000
2017.12.15 09:22;11901.00;11777.00;0.0000
2017.12.15 10:19;11901.00;11901.00;0.0000
2017.12.15 10:20;11901.00;11901.00;0.0000
2017.12.15 10:44;11856.00;11916.00;0.0000
2017.12.15 10:46;11856.00;11892.00;0.0000
2017.12.15 10:49;11856.00;11856.00;0.0000
2017.12.18 10:49;11863.00;11912.00;0.0000
2017.12.18 11:15;11863.00;11830.00;0.0000
2017.12.18 12:18;11863.00;11863.00;0.0000
2017.12.19 14:59;11921.00;11834.00;0.0000
2017.12.19 16:42;11921.00;11932.00;0.0000
2017.12.19 16:45;11921.00;11921.00;0.0000
2017.12.22 11:01;11987.00;11899.00;0.0000
2017.12.22 11:29;11987.00;12018.00;0.0000
2017.12.22 12:10;11987.00;11987.00;0.0000
2017.12.27 10:00;11959.00;11994.00;0.0000
2017.12.27 10:02;11959.00;11961.00;0.0000
2017.12.27 10:27;11959.00;11959.00;0.0000
2018.01.03 11:24;11921.00;11981.00;0.0000
2018.01.03 11:31;11921.00;11923.00;0.0000
2018.01.03 11:32;11921.00;11921.00;0.0000
2018.01.05 11:21;11982.00;11896.00;0.0000
2018.01.05 12:45;11982.00;11994.00;0.0000
2018.01.05 13:12;11982.00;11982.00;0.0000
2018.01.08 09:10;12047.00;11969.00;0.0000
2018.01.08 10:09;12047.00;12058.00;0.0000
2018.01.08 10:10;12047.00;12047.00;0.0000
2018.01.08 11:17;12125.00;12035.00;0.0000
2018.01.08 12:22;12125.00;12132.00;0.0000
2018.01.08 12:25;12125.00;12125.00;0.0000
2018.01.09 13:35;12106.00;12159.00;0.0000
2018.01.09 14:20;12106.00;12110.00;0.0000
2018.01.09 15:12;12106.00;12106.00;0.0000
2018.01.12 11:24;12114.00;12090.00;0.0000
2018.01.12 11:59;12114.00;12205.00;0.0000
2018.01.12 13:59;12114.00;12114.00;0.0000
2018.01.16 09:45;12083.00;12097.00;0.0000
2018.01.16 10:34;12083.00;12173.00;0.0000
2018.01.16 11:57;12083.00;12083.00;0.0000
2018.01.17 14:04;12054.00;12103.00;0.0000
2018.01.17 14:52;12054.00;12056.00;0.0000
2018.01.17 14:56;12054.00;12054.00;0.0000
2018.01.22 12:55;12129.00;12053.00;0.0000
2018.01.22 14:10;12129.00;12138.00;0.0000
2018.01.22 14:12;12129.00;12129.00;0.0000
2018.01.23 12:39;12166.00;12097.00;0.0000
2018.01.23 14:02;12166.00;12187.00;0.0000
2018.01.23 15:01;12166.00;12166.00;0.0000
2018.01.24 09:26;12117.00;12172.00;0.0000
2018.01.24 09:34;12117.00;12126.00;0.0000
2018.01.24 09:36;12117.00;12117.00;0.0000
2018.01.26 14:13;12135.00;12074.00;0.0000
2018.01.26 14:57;12135.00;12200.00;0.0000
2018.01.26 16:45;12135.00;12135.00;0.0000
2018.01.29 10:29;12224.00;12104.00;0.0000
2018.01.29 10:56;12224.00;12242.00;0.0000
2018.01.29 11:00;12224.00;12224.00;0.0000
2018.01.30 10:27;12219.00;12289.00;0.0000
2018.01.30 12:19;12219.00;12175.00;0.0000
2018.01.30 12:31;12219.00;12219.00;0.0000
2018.02.01 09:30;12334.00;12179.00;0.0000
2018.02.01 10:31;12334.00;12351.00;0.0000
2018.02.01 10:35;12334.00;12334.00;0.0000
2018.02.05 10:13;12399.00;12284.00;0.0000
2018.02.05 11:34;12399.00;12407.00;0.0000
2018.02.05 11:35;12399.00;12399.00;0.0000
2018.02.05 13:36;12508.00;12377.00;0.0000
2018.02.05 14:44;12508.00;12509.00;0.0000
2018.02.05 14:44;12508.00;12508.00;0.0000
2018.02.08 14:05;12431.00;12527.00;0.0000
2018.02.08 14:15;12431.00;12436.00;0.0000
2018.02.08 14:16;12431.00;12431.00;0.0000
2018.02.09 10:43;12566.00;12401.00;0.0000
2018.02.09 11:48;12566.00;12554.00;0.0000
2018.02.09 11:49;12566.00;12566.00;0.0000
2018.02.15 10:15;12490.00;12589.00;0.0000
2018.02.15 12:06;12490.00;12491.00;0.0000
2018.02.15 12:55;12490.00;12490.00;0.0000
2018.02.16 11:15;12454.00;12527.00;0.0000
2018.02.16 11:56;12454.00;12469.00;0.0000
2018.02.16 12:00;12454.00;12454.00;0.0000
2018.02.19 11:10;12462.00;12408.00;0.0000
2018.02.19 13:01;12462.00;12494.00;0.0000
2018.02.19 14:05;12462.00;12462.00;0.0000
2018.02.20 13:02;12403.00;12469.00;0.0000
2018.02.20 13:20;12403.00;12407.00;0.0000
2018.02.20 13:21;12403.00;12403.00;0.0000
2018.02.21 13:16;12408.00;12469.00;0.0000
2018.02.21 13:32;12408.00;12369.00;0.0000
2018.02.21 14:24;12408.00;12408.00;0.0000
2018.02.23 13:27;12500.00;12404.00;0.0000
2018.02.23 14:41;12500.00;12523.00;0.0000
2018.02.23 14:45;12500.00;12500.00;0.0000
2018.02.27 10:33;12577.00;12473.00;0.0000
2018.02.27 11:20;12577.00;12596.00;0.0000
2018.02.27 11:22;12577.00;12577.00;0.0000
2018.02.28 10:02;12526.00;12593.00;0.0000
2018.02.28 10:13;12526.00;12528.00;0.0000
2018.02.28 10:14;12526.00;12526.00;0.0000
2018.03.01 09:35;12661.00;12525.00;0.0000
2018.03.01 10:44;12661.00;12650.00;0.0000
2018.03.01 10:45;12661.00;12661.00;0.0000
2018.03.02 12:25;12748.00;12607.00;0.0000
2018.03.02 13:51;12748.00;12761.00;0.0000
2018.03.02 13:55;12748.00;12748.00;0.0000
2018.03.05 13:36;12694.00;12756.00;0.0000
2018.03.05 14:02;12694.00;12701.00;0.0000
2018.03.05 15:01;12694.00;12694.00;0.0000
2018.03.09 11:40;12616.00;12706.00;0.0000
2018.03.09 11:58;12616.00;12637.00;0.0000
2018.03.09 11:59;12616.00;12616.00;0.0000
2018.03.13 10:47;12697.00;12610.00;0.0000
2018.03.13 11:39;12697.00;12702.00;0.0000
2018.03.13 11:40;12697.00;12697.00;0.0000
2018.03.13 12:18;12657.00;12670.00;0.0000
2018.03.13 12:50;12657.00;12727.00;0.0000
2018.03.13 12:59;12657.00;12657.00;0.0000
2018.03.14 12:32;12610.00;12686.00;0.0000
2018.03.14 13:07;12610.00;12616.00;0.0000
2018.03.14 13:08;12610.00;12610.00;0.0000
2018.03.15 10:08;12579.00;12581.00;0.0000
2018.03.15 10:29;12579.00;12674.00;0.0000
2018.03.15 10:41;12579.00;12579.00;0.0000
2018.03.16 11:47;12649.00;12553.00;0.0000
2018.03.16 13:24;12649.00;12657.00;0.0000
2018.03.16 13:25;12649.00;12649.00;0.0000
2018.03.21 12:13;12610.00;12663.00;0.0000
2018.03.21 12:39;12610.00;12611.00;0.0000
2018.03.21 15:00;12610.00;12610.00;0.0000
2018.03.22 09:20;12685.00;12602.00;0.0000
2018.03.22 10:31;12685.00;12734.00;0.0000
2018.03.22 10:35;12685.00;12685.00;0.0000
2018.03.22 12:41;12749.00;12652.00;0.0000
2018.03.22 13:35;12749.00;12762.00;0.0000
2018.03.22 13:55;12749.00;12749.00;0.0000
2018.03.27 11:40;12841.00;12737.00;0.0000
2018.03.27 12:53;12841.00;12850.00;0.0000
2018.03.27 12:55;12841.00;12841.00;0.0000
2018.03.29 09:52;12795.00;12864.00;0.0000
2018.03.29 10:08;12795.00;12800.00;0.0000
2018.03.29 10:10;12795.00;12795.00;0.0000
2018.04.02 14:00;12745.00;12869.00;0.0000
2018.04.02 14:59;12745.00;12752.00;0.0000
2018.04.02 15:00;12745.00;12745.00;0.0000
2018.04.06 09:21;12706.00;12737.00;0.0000
2018.04.06 09:30;12706.00;12784.00;0.0000
2018.04.06 09:30;12706.00;12706.00;0.0000
2018.04.09 09:28;12826.00;12672.00;0.0000
2018.04.09 10:40;12826.00;12831.00;0.0000
2018.04.09 10:40;12826.00;12826.00;0.0000
2018.04.11 10:41;12771.00;12841.00;0.0000
2018.04.11 10:56;12771.00;12772.00;0.0000
2018.04.11 10:58;12771.00;12771.00;0.0000
2018.04.12 10:34;12853.00;12758.00;0.0000
2018.04.12 11:50;12853.00;12871.00;0.0000
2018.04.12 11:50;12853.00;12853.00;0.0000
2018.04.12 12:07;12928.00;12842.00;0.0000
2018.04.12 13:48;12928.00;12940.00;0.0000
2018.04.12 13:51;12928.00;12928.00;0.0000
2018.04.13 09:13;12993.00;13003.00;0.0000
2018.04.13 09:15;12993.00;12993.00;0.0000
2018.04.13 10:08;12945.00;13014.00;0.0000
2018.04.13 10:35;12945.00;12948.00;0.0000
2018.04.13 10:36;12945.00;12945.00;0.0000
2018.04.16 10:07;13059.00;12936.00;0.0000
2018.04.16 10:19;13059.00;13069.00;0.0000
2018.04.16 10:20;13059.00;13059.00;0.0000
2018.04.19 14:40;13125.00;13058.00;0.0000
2018.04.19 15:40;13125.00;13142.00;0.0000
2018.04.19 16:00;13125.00;13125.00;0.0000
2018.04.20 12:11;13191.00;13093.00;0.0000
2018.04.20 13:09;13191.00;13201.00;0.0000
2018.04.20 13:10;13191.00;13191.00;0.0000
2018.04.23 10:15;13147.00;13202.00;0.0000
2018.04.23 10:35;13147.00;13148.00;0.0000
2018.04.23 10:36;13147.00;13147.00;0.0000
2018.04.24 09:51;13101.00;13198.00;0.0000
2018.04.24 10:14;13101.00;13110.00;0.0000
2018.04.24 10:16;13101.00;13101.00;0.0000
2018.04.25 10:58;13166.00;13050.00;0.0000
2018.04.25 12:13;13166.00;13181.00;0.0000
2018.04.25 12:15;13166.00;13166.00;0.0000
2018.04.26 10:10;13131.00;13218.00;0.0000
2018.04.26 10:38;13131.00;13138.00;0.0000
2018.04.26 10:39;13131.00;13131.00;0.0000
2018.04.27 09:53;13102.00;13138.00;0.0000
2018.04.27 09:59;13102.00;13112.00;0.0000
2018.04.27 10:00;13102.00;13102.00;0.0000
2018.04.30 12:12;13056.00;13121.00;0.0000
2018.04.30 12:40;13056.00;13060.00;0.0000
2018.04.30 12:53;13056.00;13056.00;0.0000
2018.05.02 10:15;13012.00;13080.00;0.0000
2018.05.02 10:19;13012.00;13032.00;0.0000
2018.05.02 10:20;13012.00;13012.00;0.0000
2018.05.03 09:57;12977.00;12979.00;0.0000
2018.05.03 10:09;12977.00;13041.00;0.0000
2018.05.03 10:16;12977.00;12977.00;0.0000
2018.05.04 09:46;13054.00;12975.00;0.0000
2018.05.04 10:48;13054.00;13071.00;0.0000
2018.05.04 10:50;13054.00;13054.00;0.0000
2018.05.07 09:41;13127.00;13038.00;0.0000
2018.05.07 10:50;13127.00;13134.00;0.0000
2018.05.07 10:50;13127.00;13127.00;0.0000
2018.05.08 11:00;13265.00;13126.00;0.0000
2018.05.08 11:35;13265.00;13273.00;0.0000
2018.05.08 11:35;13265.00;13265.00;0.0000
2018.05.08 14:46;13309.00;13210.00;0.0000
2018.05.08 15:40;13309.00;13310.00;0.0000
2018.05.08 15:40;13309.00;13309.00;0.0000
2018.05.09 09:19;13395.00;13300.00;0.0000
2018.05.09 10:27;13395.00;13430.00;0.0000
2018.05.09 10:30;13395.00;13395.00;0.0000
2018.05.10 10:38;13346.00;13416.00;0.0000
2018.05.10 10:41;13346.00;13357.00;0.0000
2018.05.10 10:42;13346.00;13346.00;0.0000
2018.05.11 10:49;13298.00;13362.00;0.0000
2018.05.11 11:07;13298.00;13300.00;0.0000
2018.05.11 11:14;13298.00;13298.00;0.0000
2018.05.11 14:03;13364.00;13271.00;0.0000
2018.05.11 14:45;13364.00;13381.00;0.0000
2018.05.11 15:20;13364.00;13364.00;0.0000
2018.05.14 11:06;13448.00;13473.00;0.0000
2018.05.14 11:43;13448.00;13343.00;0.0000
2018.05.14 13:01;13448.00;13448.00;0.0000
2018.05.15 10:57;13581.00;13410.00;0.0000
2018.05.15 11:34;13581.00;13585.00;0.0000
2018.05.15 11:35;13581.00;13581.00;0.0000
2018.05.16 11:52;13561.00;13509.00;0.0000
2018.05.16 14:35;13561.00;13602.00;0.0000
2018.05.16 15:03;13561.00;13561.00;0.0000
2018.05.17 10:05;13491.00;13589.00;0.0000
2018.05.17 10:13;13491.00;13496.00;0.0000
2018.05.17 10:14;13491.00;13491.00;0.0000
2018.05.18 10:10;13411.00;13492.00;0.0000
2018.05.18 10:11;13411.00;13419.00;0.0000
2018.05.18 10:13;13411.00;13411.00;0.0000
2018.05.21 13:37;13479.00;13352.00;0.0000
2018.05.21 14:43;13479.00;13498.00;0.0000
2018.05.21 14:45;13479.00;13479.00;0.0000
2018.05.22 09:46;13599.00;13467.00;0.0000
2018.05.22 10:20;13599.00;13621.00;0.0000
2018.05.22 10:20;13599.00;13599.00;0.0000
2018.05.23 10:03;13670.00;13583.00;0.0000
2018.05.23 10:32;13670.00;13708.00;0.0000
2018.05.23 11:10;13670.00;13670.00;0.0000
2018.05.25 09:34;13805.00;13657.00;0.0000
2018.05.25 10:30;13805.00;13778.00;0.0000
2018.05.25 10:34;13805.00;13805.00;0.0000
2018.05.28 10:01;13734.00;13808.00;0.0000
2018.05.28 10:07;13734.00;13757.00;0.0000
2018.05.28 10:08;13734.00;13734.00;0.0000
2018.05.30 11:39;13839.00;13708.00;0.0000
2018.05.30 12:08;13839.00;13855.00;0.0000
2018.05.30 12:10;13839.00;13839.00;0.0000
2018.05.30 13:31;13760.00;13902.00;0.0000
2018.05.30 14:16;13760.00;13765.00;0.0000
2018.05.30 14:20;13760.00;13760.00;0.0000
2018.06.01 09:33;13706.00;13814.00;0.0000
2018.06.01 10:07;13706.00;13707.00;0.0000
2018.06.01 10:08;13706.00;13706.00;0.0000
2018.06.01 12:05;13836.00;13705.00;0.0000
2018.06.01 12:21;13836.00;13904.00;0.0000
2018.06.01 12:24;13836.00;13836.00;0.0000
2018.06.04 09:13;13762.00;13851.00;0.0000
2018.06.04 09:15;13762.00;13764.00;0.0000
2018.06.04 10:11;13762.00;13762.00;0.0000
2018.06.05 09:47;13905.00;13739.00;0.0000
2018.06.05 10:45;13905.00;13928.00;0.0000
2018.06.05 10:45;13905.00;13905.00;0.0000
2018.06.06 09:55;14059.00;13899.00;0.0000
2018.06.06 10:34;14059.00;14076.00;0.0000
2018.06.06 10:35;14059.00;14059.00;0.0000
2018.06.07 10:10;13997.00;14006.00;0.0000
2018.06.07 10:30;13997.00;14144.00;0.0000
2018.06.07 10:41;13997.00;13997.00;0.0000
2018.06.08 11:40;14121.00;13996.00;0.0000
2018.06.08 11:55;14121.00;14141.00;0.0000
2018.06.08 11:55;14121.00;14121.00;0.0000
2018.06.11 13:51;14047.00;14177.00;0.0000
2018.06.11 15:14;14047.00;14049.00;0.0000
2018.06.11 15:15;14047.00;14047.00;0.0000
2018.06.12 09:47;14202.00;14019.00;0.0000
2018.06.12 10:34;14202.00;14216.00;0.0000
2018.06.12 10:35;14202.00;14202.00;0.0000
2018.06.12 11:30;14222.00;14223.00;0.0000
2018.06.12 11:30;14222.00;14222.00;0.0000
2018.06.13 09:32;14156.00;14258.00;0.0000
2018.06.13 09:50;14156.00;14176.00;0.0000
2018.06.13 09:51;14156.00;14156.00;0.0000
2018.06.13 14:43;14095.00;14109.00;0.0000
2018.06.13 14:59;14095.00;14242.00;0.0000
2018.06.13 15:23;14095.00;14095.00;0.0000
2018.06.14 14:52;14037.00;14176.00;0.0000
2018.06.14 14:58;14037.00;14081.00;0.0000
2018.06.14 14:59;14037.00;14037.00;0.0000
2018.06.15 09:18;13987.00;14081.00;0.0000
2018.06.15 09:47;13987.00;13999.00;0.0000
2018.06.15 09:48;13987.00;13987.00;0.0000
2018.06.19 10:02;14121.00;13974.00;0.0000
2018.06.19 10:40;14121.00;14130.00;0.0000
2018.06.19 10:40;14121.00;14121.00;0.0000
2018.06.19 12:37;14082.00;14152.00;0.0000
2018.06.19 12:52;14082.00;14090.00;0.0000
2018.06.19 12:54;14082.00;14082.00;0.0000
2018.06.20 10:05;14028.00;14124.00;0.0000
2018.06.20 10:17;14028.00;14036.00;0.0000
2018.06.20 10:18;14028.00;14028.00;0.0000
2018.06.21 10:52;13956.00;14057.00;0.0000
2018.06.21 11:06;13956.00;13960.00;0.0000
2018.06.21 11:08;13956.00;13956.00;0.0000
2018.06.25 10:07;13911.00;14025.00;0.0000
2018.06.25 10:23;13911.00;13927.00;0.0000
2018.06.25 10:25;13911.00;13911.00;0.0000
2018.06.25 12:40;14005.00;13910.00;0.0000
2018.06.25 13:59;14005.00;14015.00;0.0000
2018.06.25 14:00;14005.00;14005.00;0.0000
2018.06.27 11:41;14136.00;14001.00;0.0000
2018.06.27 12:14;14136.00;14148.00;0.0000
2018.06.27 12:16;14136.00;14136.00;0.0000
2018.06.27 13:57;14058.00;14168.00;0.0000
2018.06.27 14:17;14058.00;14062.00;0.0000
2018.06.27 14:18;14058.00;14058.00;0.0000
2018.06.28 10:48;13985.00;14151.00;0.0000
2018.06.28 11:54;13985.00;13989.00;0.0000
2018.06.28 11:55;13985.00;13985.00;0.0000
2018.06.29 10:29;13923.00;14025.00;0.0000
2018.06.29 10:42;13923.00;13929.00;0.0000
2018.06.29 10:43;13923.00;13923.00;0.0000
2018.07.02 10:24;13988.00;13909.00;0.0000
2018.07.02 11:01;13988.00;14027.00;0.0000
2018.07.02 11:11;13988.00;13988.00;0.0000
2018.07.04 11:19;14064.00;13962.00;0.0000
2018.07.04 13:05;14064.00;14087.00;0.0000
2018.07.04 13:08;14064.00;14064.00;0.0000
2018.07.06 12:17;14050.00;14000.00;0.0000
2018.07.06 12:55;14050.00;14136.00;0.0000
2018.07.06 15:00;14050.00;14050.00;0.0000
2018.07.10 14:12;13994.00;14071.00;0.0000
2018.07.10 14:46;13994.00;13998.00;0.0000
2018.07.10 14:47;13994.00;13994.00;0.0000
2018.07.11 09:31;14121.00;13990.00;0.0000
2018.07.11 10:35;14121.00;14129.00;0.0000
2018.07.11 10:35;14121.00;14121.00;0.0000
2018.07.12 09:15;14067.00;14133.00;0.0000
2018.07.12 10:50;14067.00;14069.00;0.0000
2018.07.12 10:52;14067.00;14067.00;0.0000
2018.07.13 13:27;14052.00;14100.00;0.0000
2018.07.13 14:11;14052.00;14034.00;0.0000
2018.07.13 15:30;14052.00;14052.00;0.0000
2018.07.16 12:39;14060.00;14003.00;0.0000
2018.07.16 13:06;14060.00;14112.00;0.0000
2018.07.16 14:05;14060.00;14060.00;0.0000
2018.07.17 12:30;13997.00;14084.00;0.0000
2018.07.17 12:55;13997.00;13998.00;0.0000
2018.07.17 12:56;13997.00;13997.00;0.0000
2018.07.18 12:18;13937.00;14053.00;0.0000
2018.07.18 12:41;13937.00;13944.00;0.0000
2018.07.18 12:42;13937.00;13937.00;0.0000
2018.07.23 13:40;13995.00;13891.00;0.0000
2018.07.23 15:46;13995.00;14004.00;0.0000
2018.07.23 15:47;13995.00;13995.00;0.0000
2018.07.25 10:50;14059.00;13973.00;0.0000
2018.07.25 11:53;14059.00;14088.00;0.0000
2018.07.25 12:05;14059.00;14059.00;0.0000
2018.07.26 13:16;14010.00;14064.00;0.0000
2018.07.26 13:33;14010.00;14017.00;0.0000
2018.07.26 13:34;14010.00;14010.00;0.0000
2018.07.27 11:03;14108.00;14003.00;0.0000
2018.07.27 13:09;14108.00;14115.00;0.0000
2018.07.27 13:10;14108.00;14108.00;0.0000
2018.07.27 15:18;14186.00;14076.00;0.0000
2018.07.27 16:42;14186.00;14186.00;0.0000
2018.07.27 16:42;14186.00;14186.00;0.0000
2018.07.30 09:33;14140.00;14198.00;0.0000
2018.07.30 10:16;14140.00;14141.00;0.0000
2018.07.30 10:19;14140.00;14140.00;0.0000
2018.07.31 09:36;14102.00;14150.00;0.0000
2018.07.31 09:51;14102.00;14109.00;0.0000
2018.07.31 09:52;14102.00;14102.00;0.0000
2018.08.01 10:33;14237.00;14081.00;0.0000
2018.08.01 11:18;14237.00;14236.00;0.0000
2018.08.01 11:19;14237.00;14237.00;0.0000
2018.08.01 11:32;14280.00;14281.00;0.0000
2018.08.01 11:32;14280.00;14280.00;0.0000
2018.08.03 10:14;14237.00;14309.00;0.0000
2018.08.03 10:43;14237.00;14245.00;0.0000
2018.08.03 10:44;14237.00;14237.00;0.0000
2018.08.06 09:56;14311.00;14227.00;0.0000
2018.08.06 10:45;14311.00;14333.00;0.0000
2018.08.06 10:50;14311.00;14311.00;0.0000
2018.08.06 12:31;14323.00;14309.00;0.0000
2018.08.06 13:54;14323.00;14380.00;0.0000
2018.08.06 15:13;14323.00;14323.00;0.0000
2018.08.08 13:58;14277.00;14283.00;0.0000
2018.08.08 14:32;14277.00;14359.00;0.0000
2018.08.08 15:46;14277.00;14277.00;0.0000
2018.08.10 09:41;14227.00;14304.00;0.0000
2018.08.10 10:02;14227.00;14228.00;0.0000
2018.08.10 10:06;14227.00;14227.00;0.0000
2018.08.13 10:31;14342.00;14192.00;0.0000
2018.08.13 10:54;14342.00;14349.00;0.0000
2018.08.13 10:55;14342.00;14342.00;0.0000
2018.08.13 11:50;14401.00;14338.00;0.0000
2018.08.13 11:57;14401.00;14402.00;0.0000
2018.08.13 11:57;14401.00;14401.00;0.0000
2018.08.15 11:41;14329.00;14420.00;0.0000
2018.08.15 11:53;14329.00;14333.00;0.0000
2018.08.15 11:55;14329.00;14329.00;0.0000
2018.08.16 13:12;14249.00;14443.00;0.0000
2018.08.16 15:13;14249.00;14261.00;0.0000
2018.08.16 15:14;14249.00;14249.00;0.0000
2018.08.17 11:02;14181.00;14304.00;0.0000
2018.08.17 11:23;14181.00;14182.00;0.0000
2018.08.17 11:24;14181.00;14181.00;0.0000
2018.08.20 11:59;14281.00;14145.00;0.0000
2018.08.20 13:24;14281.00;14289.00;0.0000
2018.08.20 13:25;14281.00;14281.00;0.0000
2018.08.21 12:16;14303.00;14233.00;0.0000
2018.08.21 14:33;14303.00;14344.00;0.0000
2018.08.21 15:13;14303.00;14303.00;0.0000
2018.08.22 09:41;14421.00;14299.00;0.0000
2018.08.22 10:10;14421.00;14428.00;0.0000
2018.08.22 10:10;14421.00;14421.00;0.0000
2018.08.23 11:24;14564.00;14581.00;0.0000
2018.08.23 11:25;14564.00;14564.00;0.0000
2018.08.23 11:55;14488.00;14579.00;0.0000
2018.08.23 12:20;14488.00;14503.00;0.0000
2018.08.23 13:06;14488.00;14488.00;0.0000
2018.08.24 10:10;14562.00;14461.00;0.0000
2018.08.24 11:26;14562.00;14582.00;0.0000
2018.08.24 11:31;14562.00;14562.00;0.0000
2018.08.27 10:30;14514.00;14610.00;0.0000
2018.08.27 10:42;14514.00;14523.00;0.0000
2018.08.27 10:43;14514.00;14514.00;0.0000
2018.08.28 12:00;14520.00;14468.00;0.0000
2018.08.28 13:08;14520.00;14564.00;0.0000
2018.08.28 14:07;14520.00;14520.00;0.0000
2018.08.29 10:12;14460.00;14560.00;0.0000
2018.08.29 10:27;14460.00;14471.00;0.0000
2018.08.29 10:30;14460.00;14460.00;0.0000
2018.08.30 09:40;14410.00;14464.00;0.0000
2018.08.30 10:00;14410.00;14419.00;0.0000
2018.08.30 10:01;14410.00;14410.00;0.0000
2018.08.31 09:44;14512.00;14392.00;0.0000
2018.08.31 10:10;14512.00;14533.00;0.0000
2018.08.31 10:30;14512.00;14512.00;0.0000
2018.08.31 11:40;14587.00;14500.00;0.0000
2018.08.31 12:06;14587.00;14588.00;0.0000
2018.08.31 12:06;14587.00;14587.00;0.0000
2018.09.03 10:13;14654.00;14554.00;0.0000
2018.09.03 10:48;14654.00;14693.00;0.0000
2018.09.03 11:40;14654.00;14654.00;0.0000
2018.09.04 09:43;14615.00;14677.00;0.0000
2018.09.04 10:12;14615.00;14617.00;0.0000
2018.09.04 10:35;14615.00;14615.00;0.0000
2018.09.05 14:20;14584.00;14565.00;0.0000
2018.09.05 15:52;14584.00;14651.00;0.0000
2018.09.05 16:45;14584.00;14584.00;0.0000
2018.09.06 09:38;14541.00;14600.00;0.0000
2018.09.06 09:59;14541.00;14549.00;0.0000
2018.09.06 10:00;14541.00;14541.00;0.0000
2018.09.10 09:10;14462.00;14544.00;0.0000
2018.09.10 09:20;14462.00;14474.00;0.0000
2018.09.10 09:23;14462.00;14462.00;0.0000
2018.09.12 10:16;14548.00;14428.00;0.0000
2018.09.12 11:22;14548.00;14562.00;0.0000
2018.09.12 11:25;14548.00;14548.00;0.0000
2018.09.13 10:45;14473.00;14614.00;0.0000
2018.09.13 11:20;14473.00;14489.00;0.0000
2018.09.13 11:21;14473.00;14473.00;0.0000
2018.09.14 11:06;14545.00;14468.00;0.0000
2018.09.14 11:26;14545.00;14561.00;0.0000
2018.09.14 12:20;14545.00;14545.00;0.0000
2018.09.17 11:43;14630.00;14515.00;0.0000
2018.09.17 12:32;14630.00;14648.00;0.0000
2018.09.17 12:40;14630.00;14630.00;0.0000
2018.09.18 09:27;14582.00;14719.00;0.0000
2018.09.18 09:53;14582.00;14591.00;0.0000
2018.09.18 10:30;14582.00;14582.00;0.0000
2018.09.19 09:39;14650.00;14547.00;0.0000
2018.09.19 10:20;14650.00;14692.00;0.0000
2018.09.19 10:50;14650.00;14650.00;0.0000
2018.09.19 12:27;14584.00;14678.00;0.0000
2018.09.19 12:58;14584.00;14592.00;0.0000
2018.09.19 13:01;14584.00;14584.00;0.0000
2018.09.21 10:18;14529.00;14653.00;0.0000
2018.09.21 10:45;14529.00;14547.00;0.0000
2018.09.21 10:46;14529.00;14529.00;0.0000
2018.09.24 09:33;14594.00;14520.00;0.0000
2018.09.24 10:31;14594.00;14635.00;0.0000
2018.09.24 10:45;14594.00;14594.00;0.0000
2018.09.25 10:04;14719.00;14587.00;0.0000
2018.09.25 10:50;14719.00;14732.00;0.0000
2018.09.25 10:50;14719.00;14719.00;0.0000
2018.09.26 11:10;14653.00;14807.00;0.0000
2018.09.26 12:01;14653.00;14663.00;0.0000
2018.09.26 12:17;14653.00;14653.00;0.0000
2018.09.27 10:54;14601.00;14614.00;0.0000
2018.09.27 11:00;14601.00;14678.00;0.0000
2018.09.27 11:27;14601.00;14601.00;0.0000
2018.09.28 10:18;14730.00;14567.00;0.0000
2018.09.28 10:59;14730.00;14739.00;0.0000
2018.09.28 11:00;14730.00;14730.00;0.0000
2018.10.04 11:45;14846.00;14729.00;0.0000
2018.10.04 12:04;14846.00;14851.00;0.0000
2018.10.04 12:05;14846.00;14846.00;0.0000
2018.10.10 10:18;14772.00;14935.00;0.0000
2018.10.10 10:43;14772.00;14774.00;0.0000
2018.10.10 10:44;14772.00;14772.00;0.0000
2018.10.11 10:01;14893.00;14745.00;0.0000
2018.10.11 10:34;14893.00;14903.00;0.0000
2018.10.11 10:35;14893.00;14893.00;0.0000
2018.10.11 12:39;14948.00;14858.00;0.0000
2018.10.11 12:48;14948.00;14948.00;0.0000
2018.10.11 12:48;14948.00;14948.00;0.0000
2018.10.15 09:53;15089.00;14892.00;0.0000
2018.10.15 10:39;15089.00;15094.00;0.0000
2018.10.15 10:40;15089.00;15089.00;0.0000
2018.10.17 10:12;15036.00;15042.00;0.0000
2018.10.17 10:36;15036.00;15141.00;0.0000
2018.10.17 11:07;15036.00;15036.00;0.0000
2018.10.18 09:30;14986.00;15084.00;0.0000
2018.10.18 10:29;14986.00;14987.00;0.0000
2018.10.18 10:30;14986.00;14986.00;0.0000
2018.10.19 10:31;15055.00;15098.00;0.0000
2018.10.19 10:35;15055.00;15055.00;0.0000
2018.10.22 09:45;14990.00;15058.00;0.0000
2018.10.22 10:01;14990.00;15008.00;0.0000
2018.10.22 10:02;14990.00;14990.00;0.0000
2018.10.25 14:30;14936.00;15005.00;0.0000
2018.10.25 14:36;14936.00;14937.00;0.0000
2018.10.25 14:38;14936.00;14936.00;0.0000
2018.10.26 09:15;15170.00;14935.00;0.0000
2018.10.26 09:30;15170.00;15074.00;0.0000
2018.10.26 09:31;15170.00;15170.00;0.0000
2018.10.31 10:10;15290.00;15137.00;0.0000
2018.10.31 10:36;15290.00;15313.00;0.0000
2018.10.31 10:40;15290.00;15290.00;0.0000
2018.11.01 10:23;15413.00;15277.00;0.0000
2018.11.01 10:59;15413.00;15438.00;0.0000
2018.11.01 11:00;15413.00;15413.00;0.0000
2018.11.05 12:20;15334.00;15451.00;0.0000
2018.11.05 12:57;15334.00;15338.00;0.0000
2018.11.05 13:26;15334.00;15334.00;0.0000
2018.11.07 10:01;15413.00;15325.00;0.0000
2018.11.07 10:55;15413.00;15438.00;0.0000
2018.11.07 11:05;15413.00;15413.00;0.0000
2018.11.07 13:33;15512.00;15382.00;0.0000
2018.11.07 14:29;15512.00;15512.00;0.0000
2018.11.07 14:29;15512.00;15512.00;0.0000
2018.11.08 10:37;15654.00;15501.00;0.0000
2018.11.08 11:24;15654.00;15661.00;0.0000
2018.11.08 11:25;15654.00;15654.00;0.0000
2018.11.08 12:15;15691.00;15644.00;0.0000
2018.11.08 12:18;15691.00;15691.00;0.0000
2018.11.08 12:18;15691.00;15691.00;0.0000
2018.11.12 09:25;15618.00;15764.00;0.0000
2018.11.12 09:50;15618.00;15631.00;0.0000
2018.11.12 09:51;15618.00;15618.00;0.0000
2018.11.12 14:25;15740.00;15617.00;0.0000
2018.11.12 15:13;15740.00;15750.00;0.0000
2018.11.12 15:15;15740.00;15740.00;0.0000
2018.11.13 12:57;15668.00;15795.00;0.0000
2018.11.13 13:21;15668.00;15674.00;0.0000
2018.11.13 13:22;15668.00;15668.00;0.0000
2018.11.14 11:10;15820.00;15667.00;0.0000
2018.11.14 11:34;15820.00;15826.00;0.0000
2018.11.14 11:35;15820.00;15820.00;0.0000
2018.11.14 12:13;15842.00;15843.00;0.0000
2018.11.14 12:13;15842.00;15842.00;0.0000
2018.11.21 10:18;15927.00;15791.00;0.0000
2018.11.21 10:54;15927.00;15968.00;0.0000
2018.11.21 11:05;15927.00;15927.00;0.0000
2018.11.22 10:36;15883.00;15888.00;0.0000
2018.11.22 10:43;15883.00;15940.00;0.0000
2018.11.22 11:04;15883.00;15883.00;0.0000
2018.11.23 10:17;15838.00;15912.00;0.0000
2018.11.23 10:51;15838.00;15840.00;0.0000
2018.11.23 10:57;15838.00;15838.00;0.0000
2018.11.26 09:40;15767.00;15853.00;0.0000
2018.11.26 10:26;15767.00;15772.00;0.0000
2018.11.26 10:53;15767.00;15767.00;0.0000
2018.11.27 13:38;15690.00;15775.00;0.0000
2018.11.27 13:55;15690.00;15694.00;0.0000
2018.11.27 13:59;15690.00;15690.00;0.0000
2018.11.28 12:30;15808.00;15650.00;0.0000
2018.11.28 12:44;15808.00;15817.00;0.0000
2018.11.28 12:45;15808.00;15808.00;0.0000
2018.11.28 13:31;15875.00;15735.00;0.0000
2018.11.28 14:30;15875.00;15875.00;0.0000
2018.11.28 14:30;15875.00;15875.00;0.0000
2018.11.29 12:39;15968.00;15845.00;0.0000
2018.11.29 13:10;15968.00;15990.00;0.0000
2018.11.29 13:15;15968.00;15968.00;0.0000
2018.11.30 09:10;16037.00;15967.00;0.0000
2018.11.30 09:59;16037.00;16063.00;0.0000
2018.11.30 10:30;16037.00;16037.00;0.0000
2018.11.30 13:04;16102.00;16136.00;0.0000
2018.11.30 13:25;16102.00;16102.00;0.0000
2018.12.03 10:01;16223.00;16095.00;0.0000
2018.12.03 10:58;16223.00;16250.00;0.0000
2018.12.03 11:00;16223.00;16223.00;0.0000
2018.12.06 10:04;16298.00;16192.00;0.0000
2018.12.06 10:39;16298.00;16335.00;0.0000
2018.12.06 11:05;16298.00;16298.00;0.0000
2018.12.07 12:34;16230.00;16324.00;0.0000
2018.12.07 12:43;16230.00;16234.00;0.0000
2018.12.07 12:44;16230.00;16230.00;0.0000
2018.12.10 12:37;16163.00;16246.00;0.0000
2018.12.10 12:47;16163.00;16181.00;0.0000
2018.12.10 12:48;16163.00;16163.00;0.0000
2018.12.11 10:31;16093.00;16228.00;0.0000
2018.12.11 11:30;16093.00;16095.00;0.0000
2018.12.11 11:37;16093.00;16093.00;0.0000
2018.12.14 14:34;16168.00;16046.00;0.0000
2018.12.14 16:25;16168.00;16177.00;0.0000
2018.12.14 16:28;16168.00;16168.00;0.0000
2018.12.17 11:48;16245.00;16150.00;0.0000
2018.12.17 12:22;16245.00;16268.00;0.0000
2018.12.17 14:05;16245.00;16245.00;0.0000
2018.12.19 13:01;16205.00;16250.00;0.0000
2018.12.19 13:10;16205.00;16211.00;0.0000
2018.12.19 13:11;16205.00;16205.00;0.0000
2018.12.20 10:22;16295.00;16196.00;0.0000
2018.12.20 10:33;16295.00;16306.00;0.0000
2018.12.20 10:35;16295.00;16295.00;0.0000
2018.12.21 11:55;16239.00;16307.00;0.0000
2018.12.21 12:16;16239.00;16250.00;0.0000
2018.12.21 12:17;16239.00;16239.00;0.0000
2018.12.26 09:49;16168.00;16256.00;0.0000
2018.12.26 10:09;16168.00;16178.00;0.0000
2018.12.26 10:10;16168.00;16168.00;0.0000
2018.12.27 11:12;16116.00;16140.00;0.0000
2018.12.27 12:07;16116.00;16238.00;0.0000
2018.12.27 12:34;16116.00;16116.00;0.0000
2018.12.28 18:09;16116.00;16116.00;0.0000
